{"cameraMode":{"drawMode":0,"name":"Shaded","section":"Shading Mode"},"sceneLighting":true,"audioPlay":false,"sceneViewState":{"m_AlwaysRefresh":false,"showFog":true,"showSkybox":true,"showFlares":true,"showImageEffects":true,"showParticleSystems":true,"showVisualEffectGraphs":true,"m_FxEnabled":true},"in2DMode":false,"pivot":{"x":8.990522384643555,"y":-26.927812576293947,"z":-107.44913482666016},"rotation":{"x":0.0066055916249752049,"y":0.991685688495636,"z":-0.1153636947274208,"w":0.056888215243816379},"size":57.49148178100586,"orthographic":false}